user_id,n_posts,w0,w1,w2,assignment_type
user_0001,100,0.79,0.1,0.11,hard
user_0002,100,0.14,0.76,0.1,hard
user_0003,100,0.1,0.11,0.79,hard
user_0004,100,0.31,0.39,0.3,hard
user_0005,100,0.38,0.51,0.11,hard
user_0006,100,0.36,0.06,0.58,hard
user_0007,100,0.08,0.37,0.55,hard
user_0008,100,0.81,0.07,0.12,hard
user_0009,100,0.1,0.81,0.09,hard
user_0010,100,0.12,0.14,0.74,hard
user_0011,100,0.34,0.38,0.28,hard
user_0012,100,0.36,0.56,0.08,hard
user_0013,100,0.46,0.09,0.45,hard
user_0014,100,0.1,0.49,0.41,hard
user_0015,100,0.83,0.09,0.08,hard
user_0016,100,0.06,0.86,0.08,hard
user_0017,100,0.1,0.12,0.78,hard
user_0018,100,0.37,0.32,0.31,hard
user_0019,100,0.53,0.4,0.07,hard
user_0020,100,0.49,0.1,0.41,hard
user_0021,100,0.1,0.43,0.47,hard
user_0022,100,0.75,0.08,0.17,hard
user_0023,100,0.11,0.8,0.09,hard
user_0024,100,0.15,0.09,0.76,hard
user_0025,100,0.32,0.31,0.37,hard
user_0026,100,0.47,0.44,0.09,hard
user_0027,100,0.36,0.09,0.55,hard
user_0028,100,0.13,0.44,0.43,hard
user_0029,100,0.76,0.07,0.17,hard
user_0030,100,0.08,0.85,0.07,hard
user_0031,100,0.09,0.08,0.83,hard
user_0032,100,0.25,0.38,0.37,hard
user_0033,100,0.49,0.38,0.13,hard
user_0034,100,0.4,0.14,0.46,hard
user_0035,100,0.09,0.4,0.51,hard
user_0036,100,0.77,0.07,0.16,hard
user_0037,100,0.09,0.82,0.09,hard
user_0038,100,0.1,0.1,0.8,hard
user_0039,100,0.28,0.31,0.41,hard
user_0040,100,0.38,0.53,0.09,hard
user_0041,100,0.44,0.1,0.46,hard
user_0042,100,0.2,0.41,0.39,hard
user_0043,100,0.79,0.1,0.11,hard
user_0044,100,0.09,0.79,0.12,hard
user_0045,100,0.13,0.12,0.75,hard
user_0046,100,0.33,0.39,0.28,hard
user_0047,100,0.47,0.39,0.14,hard
user_0048,100,0.5,0.06,0.44,hard
user_0049,100,0.1,0.55,0.35,hard
user_0050,100,0.8,0.08,0.12,hard
user_0051,100,0.18,0.75,0.07,hard
user_0052,100,0.09,0.08,0.83,hard
user_0053,100,0.31,0.33,0.36,hard
user_0054,100,0.46,0.42,0.12,hard
user_0055,100,0.47,0.14,0.39,hard
user_0056,100,0.11,0.43,0.46,hard
user_0057,100,0.8,0.12,0.08,hard
user_0058,100,0.1,0.8,0.1,hard
user_0059,100,0.16,0.09,0.75,hard
user_0060,100,0.34,0.36,0.3,hard
user_0061,100,0.43,0.46,0.11,hard
user_0062,100,0.5,0.11,0.39,hard
user_0063,100,0.06,0.47,0.47,hard
user_0064,100,0.78,0.14,0.08,hard
user_0065,100,0.12,0.82,0.06,hard
user_0066,100,0.13,0.1,0.77,hard
user_0067,100,0.31,0.4,0.29,hard
user_0068,100,0.41,0.48,0.11,hard
user_0069,100,0.46,0.14,0.4,hard
user_0070,100,0.1,0.4,0.5,hard
user_0071,100,0.82,0.07,0.11,hard
user_0072,100,0.11,0.78,0.11,hard
user_0073,100,0.08,0.17,0.75,hard
user_0074,100,0.36,0.3,0.34,hard
user_0075,100,0.49,0.41,0.1,hard
user_0076,100,0.44,0.08,0.48,hard
user_0077,100,0.15,0.43,0.42,hard
user_0078,100,0.81,0.11,0.08,hard
user_0079,100,0.09,0.82,0.09,hard
user_0080,100,0.1,0.11,0.79,hard
user_0081,100,0.31,0.37,0.32,hard
user_0082,100,0.4,0.48,0.12,hard
user_0083,100,0.45,0.11,0.44,hard
user_0084,100,0.08,0.44,0.48,hard
user_0085,100,0.81,0.12,0.07,hard
user_0086,100,0.15,0.77,0.08,hard
user_0087,100,0.08,0.1,0.82,hard
user_0088,100,0.33,0.31,0.36,hard
user_0089,100,0.45,0.44,0.11,hard
user_0090,100,0.42,0.1,0.48,hard
user_0091,100,0.13,0.41,0.46,hard
user_0092,100,0.79,0.12,0.09,hard
user_0093,100,0.11,0.8,0.09,hard
user_0094,100,0.06,0.15,0.79,hard
user_0095,100,0.29,0.34,0.37,hard
user_0096,100,0.47,0.46,0.07,hard
user_0097,100,0.51,0.1,0.39,hard
user_0098,100,0.02,0.52,0.46,hard
user_0099,100,0.7,0.13,0.17,hard
user_0100,100,0.16,0.78,0.06,hard
user_0101,100,0.08,0.17,0.75,hard
user_0102,100,0.39,0.26,0.35,hard
user_0103,100,0.39,0.48,0.13,hard
user_0104,100,0.51,0.13,0.36,hard
user_0105,100,0.08,0.49,0.43,hard
user_0106,100,0.79,0.13,0.08,hard
user_0107,100,0.13,0.72,0.15,hard
user_0108,100,0.11,0.08,0.81,hard
user_0109,100,0.32,0.33,0.35,hard
user_0110,100,0.41,0.47,0.12,hard
user_0111,100,0.58,0.1,0.32,hard
user_0112,100,0.12,0.45,0.43,hard
user_0113,100,0.82,0.09,0.09,hard
user_0114,100,0.08,0.83,0.09,hard
user_0115,100,0.08,0.14,0.78,hard
user_0116,100,0.38,0.41,0.21,hard
user_0117,100,0.48,0.37,0.15,hard
user_0118,100,0.51,0.06,0.43,hard
user_0119,100,0.09,0.41,0.5,hard
user_0120,100,0.8,0.13,0.07,hard
user_0121,100,0.16,0.75,0.09,hard
user_0122,100,0.1,0.12,0.78,hard
user_0123,100,0.31,0.34,0.35,hard
user_0124,100,0.45,0.4,0.15,hard
user_0125,100,0.43,0.15,0.42,hard
user_0126,100,0.12,0.49,0.39,hard
user_0127,100,0.81,0.09,0.1,hard
user_0128,100,0.07,0.84,0.09,hard
user_0129,100,0.06,0.06,0.88,hard
user_0130,100,0.36,0.28,0.36,hard
user_0131,100,0.46,0.46,0.08,hard
user_0132,100,0.43,0.09,0.48,hard
user_0133,100,0.09,0.41,0.5,hard
user_0134,100,0.78,0.13,0.09,hard
user_0135,100,0.09,0.74,0.17,hard
user_0136,100,0.09,0.06,0.85,hard
user_0137,100,0.31,0.42,0.27,hard
user_0138,100,0.48,0.42,0.1,hard
user_0139,100,0.43,0.06,0.51,hard
user_0140,100,0.12,0.49,0.39,hard
user_0141,100,0.8,0.09,0.11,hard
user_0142,100,0.1,0.81,0.09,hard
user_0143,100,0.12,0.09,0.79,hard
user_0144,100,0.26,0.38,0.36,hard
user_0145,100,0.43,0.43,0.14,hard
user_0146,100,0.49,0.1,0.41,hard
user_0147,100,0.13,0.49,0.38,hard
user_0148,100,0.73,0.14,0.13,hard
user_0149,100,0.08,0.86,0.06,hard
user_0150,100,0.12,0.12,0.76,hard
user_0151,100,0.41,0.29,0.3,hard
user_0152,100,0.44,0.45,0.11,hard
user_0153,100,0.53,0.09,0.38,hard
user_0154,100,0.12,0.51,0.37,hard
user_0155,100,0.83,0.09,0.08,hard
user_0156,100,0.1,0.81,0.09,hard
user_0157,100,0.09,0.11,0.8,hard
user_0158,100,0.33,0.34,0.33,hard
user_0159,100,0.54,0.34,0.12,hard
user_0160,100,0.5,0.09,0.41,hard
user_0161,100,0.06,0.52,0.42,hard
user_0162,100,0.71,0.18,0.11,hard
user_0163,100,0.06,0.82,0.12,hard
user_0164,100,0.12,0.06,0.82,hard
user_0165,100,0.31,0.38,0.31,hard
user_0166,100,0.42,0.48,0.1,hard
user_0167,100,0.48,0.09,0.43,hard
user_0168,100,0.12,0.44,0.44,hard
user_0169,100,0.86,0.05,0.09,hard
user_0170,100,0.06,0.81,0.13,hard
user_0171,100,0.07,0.09,0.84,hard
user_0172,100,0.42,0.25,0.33,hard
user_0173,100,0.41,0.48,0.11,hard
user_0174,100,0.42,0.15,0.43,hard
user_0175,100,0.11,0.53,0.36,hard
user_0176,100,0.81,0.06,0.13,hard
user_0177,100,0.08,0.86,0.06,hard
user_0178,100,0.09,0.11,0.8,hard
user_0179,100,0.38,0.3,0.32,hard
user_0180,100,0.4,0.45,0.15,hard
user_0181,100,0.41,0.05,0.54,hard
user_0182,100,0.11,0.42,0.47,hard
user_0183,100,0.77,0.07,0.16,hard
user_0184,100,0.11,0.79,0.1,hard
user_0185,100,0.07,0.11,0.82,hard
user_0186,100,0.37,0.29,0.34,hard
user_0187,100,0.46,0.44,0.1,hard
user_0188,100,0.47,0.04,0.49,hard
user_0189,100,0.09,0.39,0.52,hard
user_0190,100,0.83,0.06,0.11,hard
user_0191,100,0.17,0.73,0.1,hard
user_0192,100,0.11,0.1,0.79,hard
user_0193,100,0.32,0.31,0.37,hard
user_0194,100,0.49,0.44,0.07,hard
user_0195,100,0.44,0.05,0.51,hard
user_0196,100,0.1,0.47,0.43,hard
user_0197,100,0.82,0.1,0.08,hard
user_0198,100,0.11,0.81,0.08,hard
user_0199,100,0.08,0.05,0.87,hard
user_0200,100,0.32,0.37,0.31,hard
user_0201,100,0.46,0.46,0.08,hard
user_0202,100,0.4,0.12,0.48,hard
user_0203,100,0.09,0.47,0.44,hard
user_0204,100,0.82,0.1,0.08,hard
user_0205,100,0.02,0.89,0.09,hard
user_0206,100,0.08,0.15,0.77,hard
user_0207,100,0.34,0.26,0.4,hard
user_0208,100,0.47,0.44,0.09,hard
user_0209,100,0.38,0.12,0.5,hard
user_0210,100,0.1,0.39,0.51,hard
user_0211,100,0.82,0.07,0.11,hard
user_0212,100,0.07,0.82,0.11,hard
user_0213,100,0.08,0.14,0.78,hard
user_0214,100,0.37,0.28,0.35,hard
user_0215,100,0.41,0.54,0.05,hard
user_0216,100,0.49,0.11,0.4,hard
user_0217,100,0.09,0.4,0.51,hard
user_0218,100,0.84,0.07,0.09,hard
user_0219,100,0.12,0.8,0.08,hard
user_0220,100,0.1,0.1,0.8,hard
user_0221,100,0.33,0.35,0.32,hard
user_0222,100,0.46,0.42,0.12,hard
user_0223,100,0.51,0.08,0.41,hard
user_0224,100,0.11,0.36,0.53,hard
user_0225,100,0.84,0.08,0.08,hard
user_0226,100,0.08,0.83,0.09,hard
user_0227,100,0.09,0.14,0.77,hard
user_0228,100,0.29,0.39,0.32,hard
user_0229,100,0.43,0.43,0.14,hard
user_0230,100,0.46,0.11,0.43,hard
user_0231,100,0.09,0.43,0.48,hard
user_0232,100,0.83,0.09,0.08,hard
user_0233,100,0.11,0.75,0.14,hard
user_0234,100,0.12,0.06,0.82,hard
user_0235,100,0.43,0.32,0.25,hard
user_0236,100,0.49,0.41,0.1,hard
user_0237,100,0.41,0.12,0.47,hard
user_0238,100,0.1,0.43,0.47,hard
user_0239,100,0.83,0.1,0.07,hard
user_0240,100,0.04,0.89,0.07,hard
user_0241,100,0.13,0.05,0.82,hard
user_0242,100,0.26,0.36,0.38,hard
user_0243,100,0.5,0.43,0.07,hard
user_0244,100,0.49,0.05,0.46,hard
user_0245,100,0.1,0.43,0.47,hard
user_0246,100,0.81,0.07,0.12,hard
user_0247,100,0.13,0.75,0.12,hard
user_0248,100,0.15,0.1,0.75,hard
user_0249,100,0.4,0.31,0.29,hard
user_0250,100,0.47,0.42,0.11,hard
user_0251,100,0.5,0.09,0.41,hard
user_0252,100,0.07,0.45,0.48,hard
user_0253,100,0.82,0.06,0.12,hard
user_0254,100,0.09,0.82,0.09,hard
user_0255,100,0.12,0.13,0.75,hard
user_0256,100,0.3,0.36,0.34,hard
user_0257,100,0.49,0.45,0.06,hard
user_0258,100,0.37,0.12,0.51,hard
user_0259,100,0.07,0.37,0.56,hard
user_0260,100,0.81,0.09,0.1,hard
user_0261,100,0.08,0.85,0.07,hard
user_0262,100,0.12,0.1,0.78,hard
user_0263,100,0.33,0.33,0.34,hard
user_0264,100,0.41,0.45,0.14,hard
user_0265,100,0.44,0.07,0.49,hard
user_0266,100,0.08,0.46,0.46,hard
user_0267,100,0.78,0.1,0.12,hard
user_0268,100,0.11,0.75,0.14,hard
user_0269,100,0.09,0.12,0.79,hard
user_0270,100,0.36,0.27,0.37,hard
user_0271,100,0.36,0.55,0.09,hard
user_0272,100,0.39,0.08,0.53,hard
user_0273,100,0.11,0.4,0.49,hard
user_0274,100,0.86,0.09,0.05,hard
user_0275,100,0.08,0.78,0.14,hard
user_0276,100,0.08,0.04,0.88,hard
user_0277,100,0.38,0.34,0.28,hard
user_0278,100,0.48,0.42,0.1,hard
user_0279,100,0.44,0.09,0.47,hard
user_0280,100,0.05,0.45,0.5,hard
user_0281,100,0.86,0.08,0.06,hard
user_0282,100,0.06,0.83,0.11,hard
user_0283,100,0.1,0.1,0.8,hard
user_0284,100,0.34,0.34,0.32,hard
user_0285,100,0.46,0.47,0.07,hard
user_0286,100,0.37,0.09,0.54,hard
user_0287,100,0.08,0.55,0.37,hard
user_0288,100,0.81,0.09,0.1,hard
user_0289,100,0.08,0.85,0.07,hard
user_0290,100,0.06,0.05,0.89,hard
user_0291,100,0.28,0.3,0.42,hard
user_0292,100,0.39,0.45,0.16,hard
user_0293,100,0.37,0.1,0.53,hard
user_0294,100,0.08,0.43,0.49,hard
user_0295,100,0.88,0.1,0.02,hard
user_0296,100,0.1,0.81,0.09,hard
user_0297,100,0.08,0.1,0.82,hard
user_0298,100,0.29,0.41,0.3,hard
user_0299,100,0.45,0.41,0.14,hard
user_0300,100,0.49,0.09,0.42,hard
user_0301,100,0.16,0.33,0.51,hard
user_0302,100,0.79,0.08,0.13,hard
user_0303,100,0.1,0.82,0.08,hard
user_0304,100,0.06,0.13,0.81,hard
user_0305,100,0.25,0.39,0.36,hard
user_0306,100,0.43,0.45,0.12,hard
user_0307,100,0.36,0.07,0.57,hard
user_0308,100,0.12,0.47,0.41,hard
user_0309,100,0.82,0.06,0.12,hard
user_0310,100,0.1,0.82,0.08,hard
user_0311,100,0.06,0.08,0.86,hard
user_0312,100,0.3,0.34,0.36,hard
user_0313,100,0.52,0.43,0.05,hard
user_0314,100,0.43,0.12,0.45,hard
user_0315,100,0.09,0.5,0.41,hard
user_0316,100,0.87,0.07,0.06,hard
user_0317,100,0.08,0.81,0.11,hard
user_0318,100,0.08,0.11,0.81,hard
user_0319,100,0.37,0.28,0.35,hard
user_0320,100,0.53,0.36,0.11,hard
user_0321,100,0.5,0.03,0.47,hard
user_0322,100,0.04,0.47,0.49,hard
user_0323,100,0.79,0.11,0.1,hard
user_0324,100,0.08,0.83,0.09,hard
user_0325,100,0.09,0.09,0.82,hard
user_0326,100,0.25,0.42,0.33,hard
user_0327,100,0.45,0.45,0.1,hard
user_0328,100,0.48,0.08,0.44,hard
user_0329,100,0.08,0.44,0.48,hard
user_0330,100,0.78,0.09,0.13,hard
user_0331,100,0.1,0.82,0.08,hard
user_0332,100,0.11,0.12,0.77,hard
user_0333,100,0.44,0.26,0.3,hard
user_0334,100,0.45,0.44,0.11,hard
user_0335,100,0.33,0.12,0.55,hard
user_0336,100,0.15,0.49,0.36,hard
user_0337,100,0.81,0.11,0.08,hard
user_0338,100,0.12,0.75,0.13,hard
user_0339,100,0.11,0.13,0.76,hard
user_0340,100,0.36,0.34,0.3,hard
user_0341,100,0.36,0.47,0.17,hard
user_0342,100,0.44,0.09,0.47,hard
user_0343,100,0.07,0.43,0.5,hard
user_0344,100,0.78,0.07,0.15,hard
user_0345,100,0.05,0.88,0.07,hard
user_0346,100,0.09,0.08,0.83,hard
user_0347,100,0.34,0.28,0.38,hard
user_0348,100,0.46,0.44,0.1,hard
user_0349,100,0.44,0.12,0.44,hard
user_0350,100,0.03,0.38,0.59,hard
user_0351,100,0.71,0.14,0.15,hard
user_0352,100,0.08,0.79,0.13,hard
user_0353,100,0.1,0.06,0.84,hard
user_0354,100,0.34,0.34,0.32,hard
user_0355,100,0.48,0.42,0.1,hard
user_0356,100,0.48,0.13,0.39,hard
user_0357,100,0.11,0.48,0.41,hard
user_0358,100,0.78,0.12,0.1,hard
user_0359,100,0.1,0.79,0.11,hard
user_0360,100,0.1,0.1,0.8,hard
user_0361,100,0.38,0.31,0.31,hard
user_0362,100,0.47,0.46,0.07,hard
user_0363,100,0.47,0.12,0.41,hard
user_0364,100,0.07,0.56,0.37,hard
user_0365,100,0.77,0.13,0.1,hard
user_0366,100,0.1,0.83,0.07,hard
user_0367,100,0.14,0.08,0.78,hard
user_0368,100,0.33,0.28,0.39,hard
user_0369,100,0.44,0.48,0.08,hard
user_0370,100,0.41,0.1,0.49,hard
user_0371,100,0.1,0.45,0.45,hard
user_0372,100,0.81,0.13,0.06,hard
user_0373,100,0.1,0.81,0.09,hard
user_0374,100,0.05,0.11,0.84,hard
user_0375,100,0.33,0.26,0.41,hard
user_0376,100,0.41,0.49,0.1,hard
user_0377,100,0.4,0.16,0.44,hard
user_0378,100,0.08,0.45,0.47,hard
user_0379,100,0.84,0.03,0.13,hard
user_0380,100,0.06,0.84,0.1,hard
user_0381,100,0.1,0.11,0.79,hard
user_0382,100,0.2,0.41,0.39,hard
user_0383,100,0.42,0.45,0.13,hard
user_0384,100,0.51,0.12,0.37,hard
user_0385,100,0.07,0.46,0.47,hard
user_0386,100,0.82,0.08,0.1,hard
user_0387,100,0.13,0.7,0.17,hard
user_0388,100,0.07,0.1,0.83,hard
user_0389,100,0.4,0.3,0.3,hard
user_0390,100,0.44,0.5,0.06,hard
user_0391,100,0.42,0.14,0.44,hard
user_0392,100,0.15,0.47,0.38,hard
user_0393,100,0.78,0.11,0.11,hard
user_0394,100,0.09,0.84,0.07,hard
user_0395,100,0.07,0.09,0.84,hard
user_0396,100,0.45,0.28,0.27,hard
user_0397,100,0.52,0.39,0.09,hard
user_0398,100,0.39,0.09,0.52,hard
user_0399,100,0.08,0.52,0.4,hard
user_0400,100,0.77,0.08,0.15,hard
user_0401,100,0.1,0.81,0.09,hard
user_0402,100,0.15,0.11,0.74,hard
user_0403,100,0.39,0.32,0.29,hard
user_0404,100,0.47,0.41,0.12,hard
user_0405,100,0.43,0.14,0.43,hard
user_0406,100,0.11,0.45,0.44,hard
user_0407,100,0.81,0.09,0.1,hard
user_0408,100,0.15,0.74,0.11,hard
user_0409,100,0.12,0.05,0.83,hard
user_0410,100,0.28,0.34,0.38,hard
user_0411,100,0.38,0.51,0.11,hard
user_0412,100,0.44,0.1,0.46,hard
user_0413,100,0.1,0.43,0.47,hard
user_0414,100,0.74,0.13,0.13,hard
user_0415,100,0.13,0.75,0.12,hard
user_0416,100,0.15,0.07,0.78,hard
user_0417,100,0.25,0.37,0.38,hard
user_0418,100,0.56,0.33,0.11,hard
user_0419,100,0.48,0.12,0.4,hard
user_0420,100,0.11,0.45,0.44,hard
user_0421,100,0.82,0.07,0.11,hard
user_0422,100,0.07,0.79,0.14,hard
user_0423,100,0.08,0.13,0.79,hard
user_0424,100,0.26,0.43,0.31,hard
user_0425,100,0.46,0.42,0.12,hard
user_0426,100,0.38,0.12,0.5,hard
user_0427,100,0.08,0.38,0.54,hard
user_0428,100,0.75,0.15,0.1,hard
user_0429,100,0.08,0.84,0.08,hard
user_0430,100,0.04,0.12,0.84,hard
user_0431,100,0.36,0.3,0.34,hard
user_0432,100,0.51,0.37,0.12,hard
user_0433,100,0.43,0.13,0.44,hard
user_0434,100,0.08,0.52,0.4,hard
user_0435,100,0.78,0.11,0.11,hard
user_0436,100,0.11,0.8,0.09,hard
user_0437,100,0.08,0.1,0.82,hard
user_0438,100,0.27,0.4,0.33,hard
user_0439,100,0.46,0.44,0.1,hard
user_0440,100,0.45,0.15,0.4,hard
user_0441,100,0.05,0.5,0.45,hard
user_0442,100,0.8,0.06,0.14,hard
user_0443,100,0.09,0.81,0.1,hard
user_0444,100,0.12,0.1,0.78,hard
user_0445,100,0.4,0.33,0.27,hard
user_0446,100,0.54,0.33,0.13,hard
user_0447,100,0.42,0.08,0.5,hard
user_0448,100,0.09,0.38,0.53,hard
user_0449,100,0.77,0.13,0.1,hard
user_0450,100,0.08,0.83,0.09,hard
user_0451,100,0.16,0.04,0.8,hard
user_0452,100,0.32,0.41,0.27,hard
user_0453,100,0.39,0.49,0.12,hard
user_0454,100,0.46,0.06,0.48,hard
user_0455,100,0.18,0.36,0.46,hard
user_0456,100,0.85,0.1,0.05,hard
user_0457,100,0.12,0.77,0.11,hard
user_0458,100,0.1,0.07,0.83,hard
user_0459,100,0.34,0.32,0.34,hard
user_0460,100,0.35,0.52,0.13,hard
user_0461,100,0.4,0.13,0.47,hard
user_0462,100,0.13,0.42,0.45,hard
user_0463,100,0.78,0.11,0.11,hard
user_0464,100,0.05,0.78,0.17,hard
user_0465,100,0.1,0.05,0.85,hard
user_0466,100,0.33,0.34,0.33,hard
user_0467,100,0.4,0.49,0.11,hard
user_0468,100,0.46,0.12,0.42,hard
user_0469,100,0.11,0.46,0.43,hard
user_0470,100,0.82,0.09,0.09,hard
user_0471,100,0.1,0.84,0.06,hard
user_0472,100,0.08,0.17,0.75,hard
user_0473,100,0.29,0.39,0.32,hard
user_0474,100,0.57,0.39,0.04,hard
user_0475,100,0.36,0.15,0.49,hard
user_0476,100,0.11,0.48,0.41,hard
user_0477,100,0.84,0.06,0.1,hard
user_0478,100,0.13,0.79,0.08,hard
user_0479,100,0.15,0.1,0.75,hard
user_0480,100,0.32,0.33,0.35,hard
user_0481,100,0.46,0.43,0.11,hard
user_0482,100,0.46,0.09,0.45,hard
user_0483,100,0.14,0.47,0.39,hard
user_0484,100,0.77,0.13,0.1,hard
user_0485,100,0.11,0.84,0.05,hard
user_0486,100,0.1,0.12,0.78,hard
user_0487,100,0.35,0.3,0.35,hard
user_0488,100,0.47,0.41,0.12,hard
user_0489,100,0.48,0.05,0.47,hard
user_0490,100,0.13,0.41,0.46,hard
user_0491,100,0.87,0.08,0.05,hard
user_0492,100,0.08,0.77,0.15,hard
user_0493,100,0.08,0.14,0.78,hard
user_0494,100,0.34,0.37,0.29,hard
user_0495,100,0.43,0.49,0.08,hard
user_0496,100,0.43,0.06,0.51,hard
user_0497,100,0.08,0.49,0.43,hard
user_0498,100,0.85,0.11,0.04,hard
user_0499,100,0.1,0.8,0.1,hard
user_0500,100,0.14,0.15,0.71,hard
user_0501,100,0.29,0.34,0.37,hard
user_0502,100,0.51,0.41,0.08,hard
user_0503,100,0.51,0.09,0.4,hard
user_0504,100,0.12,0.43,0.45,hard
user_0505,100,0.85,0.04,0.11,hard
user_0506,100,0.09,0.82,0.09,hard
user_0507,100,0.07,0.09,0.84,hard
user_0508,100,0.35,0.36,0.29,hard
user_0509,100,0.4,0.49,0.11,hard
user_0510,100,0.48,0.04,0.48,hard
user_0511,100,0.11,0.43,0.46,hard
user_0512,100,0.85,0.05,0.1,hard
user_0513,100,0.12,0.82,0.06,hard
user_0514,100,0.1,0.06,0.84,hard
user_0515,100,0.33,0.33,0.34,hard
user_0516,100,0.49,0.4,0.11,hard
user_0517,100,0.4,0.12,0.48,hard
user_0518,100,0.14,0.5,0.36,hard
user_0519,100,0.79,0.12,0.09,hard
user_0520,100,0.04,0.85,0.11,hard
user_0521,100,0.11,0.12,0.77,hard
user_0522,100,0.31,0.34,0.35,hard
user_0523,100,0.39,0.52,0.09,hard
user_0524,100,0.39,0.09,0.52,hard
user_0525,100,0.08,0.41,0.51,hard
user_0526,100,0.77,0.08,0.15,hard
user_0527,100,0.1,0.76,0.14,hard
user_0528,100,0.14,0.09,0.77,hard
user_0529,100,0.31,0.27,0.42,hard
user_0530,100,0.44,0.48,0.08,hard
user_0531,100,0.45,0.13,0.42,hard
user_0532,100,0.07,0.52,0.41,hard
user_0533,100,0.74,0.14,0.12,hard
user_0534,100,0.11,0.79,0.1,hard
user_0535,100,0.09,0.11,0.8,hard
user_0536,100,0.39,0.35,0.26,hard
user_0537,100,0.54,0.41,0.05,hard
user_0538,100,0.45,0.08,0.47,hard
user_0539,100,0.12,0.47,0.41,hard
user_0540,100,0.8,0.12,0.08,hard
user_0541,100,0.05,0.84,0.11,hard
user_0542,100,0.14,0.12,0.74,hard
user_0543,100,0.4,0.31,0.29,hard
user_0544,100,0.45,0.48,0.07,hard
user_0545,100,0.38,0.11,0.51,hard
user_0546,100,0.14,0.48,0.38,hard
user_0547,100,0.79,0.09,0.12,hard
user_0548,100,0.12,0.78,0.1,hard
user_0549,100,0.1,0.11,0.79,hard
user_0550,100,0.3,0.33,0.37,hard
user_0551,100,0.36,0.51,0.13,hard
user_0552,100,0.38,0.11,0.51,hard
user_0553,100,0.13,0.37,0.5,hard
user_0554,100,0.8,0.08,0.12,hard
user_0555,100,0.14,0.77,0.09,hard
user_0556,100,0.13,0.09,0.78,hard
user_0557,100,0.32,0.29,0.39,hard
user_0558,100,0.38,0.53,0.09,hard
user_0559,100,0.43,0.13,0.44,hard
user_0560,100,0.12,0.47,0.41,hard
user_0561,100,0.76,0.11,0.13,hard
user_0562,100,0.11,0.81,0.08,hard
user_0563,100,0.06,0.07,0.87,hard
user_0564,100,0.34,0.32,0.34,hard
user_0565,100,0.4,0.48,0.12,hard
user_0566,100,0.39,0.13,0.48,hard
user_0567,100,0.09,0.5,0.41,hard
user_0568,100,0.82,0.12,0.06,hard
user_0569,100,0.11,0.78,0.11,hard
user_0570,100,0.09,0.08,0.83,hard
user_0571,100,0.36,0.35,0.29,hard
user_0572,100,0.44,0.42,0.14,hard
user_0573,100,0.47,0.06,0.47,hard
user_0574,100,0.11,0.49,0.4,hard
user_0575,100,0.83,0.07,0.1,hard
user_0576,100,0.13,0.78,0.09,hard
user_0577,100,0.11,0.07,0.82,hard
user_0578,100,0.3,0.31,0.39,hard
user_0579,100,0.45,0.41,0.14,hard
user_0580,100,0.39,0.12,0.49,hard
user_0581,100,0.13,0.47,0.4,hard
user_0582,100,0.83,0.09,0.08,hard
user_0583,100,0.04,0.89,0.07,hard
user_0584,100,0.09,0.04,0.87,hard
user_0585,100,0.38,0.32,0.3,hard
user_0586,100,0.42,0.48,0.1,hard
user_0587,100,0.39,0.08,0.53,hard
user_0588,100,0.08,0.47,0.45,hard
user_0589,100,0.75,0.09,0.16,hard
user_0590,100,0.15,0.75,0.1,hard
user_0591,100,0.1,0.07,0.83,hard
user_0592,100,0.35,0.35,0.3,hard
user_0593,100,0.44,0.44,0.12,hard
user_0594,100,0.39,0.1,0.51,hard
user_0595,100,0.15,0.43,0.42,hard
user_0596,100,0.74,0.17,0.09,hard
user_0597,100,0.08,0.83,0.09,hard
user_0598,100,0.1,0.07,0.83,hard
user_0599,100,0.31,0.34,0.35,hard
user_0600,100,0.36,0.51,0.13,hard
user_0601,100,0.51,0.05,0.44,hard
user_0602,100,0.08,0.45,0.47,hard
user_0603,100,0.8,0.08,0.12,hard
user_0604,100,0.15,0.73,0.12,hard
user_0605,100,0.08,0.11,0.81,hard
user_0606,100,0.3,0.35,0.35,hard
user_0607,100,0.42,0.51,0.07,hard
user_0608,100,0.43,0.12,0.45,hard
user_0609,100,0.15,0.41,0.44,hard
user_0610,100,0.84,0.06,0.1,hard
user_0611,100,0.12,0.76,0.12,hard
user_0612,100,0.15,0.07,0.78,hard
user_0613,100,0.31,0.37,0.32,hard
user_0614,100,0.49,0.42,0.09,hard
user_0615,100,0.42,0.08,0.5,hard
user_0616,100,0.06,0.51,0.43,hard
user_0617,100,0.78,0.11,0.11,hard
user_0618,100,0.09,0.8,0.11,hard
user_0619,100,0.1,0.12,0.78,hard
user_0620,100,0.24,0.41,0.35,hard
user_0621,100,0.42,0.49,0.09,hard
user_0622,100,0.45,0.13,0.42,hard
user_0623,100,0.09,0.56,0.35,hard
user_0624,100,0.8,0.09,0.11,hard
user_0625,100,0.11,0.72,0.17,hard
user_0626,100,0.13,0.11,0.76,hard
user_0627,100,0.42,0.25,0.33,hard
user_0628,100,0.47,0.43,0.1,hard
user_0629,100,0.46,0.09,0.45,hard
user_0630,100,0.13,0.45,0.42,hard
user_0631,100,0.78,0.14,0.08,hard
user_0632,100,0.05,0.84,0.11,hard
user_0633,100,0.08,0.13,0.79,hard
user_0634,100,0.26,0.33,0.41,hard
user_0635,100,0.45,0.46,0.09,hard
user_0636,100,0.45,0.09,0.46,hard
user_0637,100,0.06,0.39,0.55,hard
user_0638,100,0.81,0.1,0.09,hard
user_0639,100,0.1,0.81,0.09,hard
user_0640,100,0.11,0.09,0.8,hard
user_0641,100,0.34,0.33,0.33,hard
user_0642,100,0.44,0.49,0.07,hard
user_0643,100,0.43,0.11,0.46,hard
user_0644,100,0.08,0.49,0.43,hard
user_0645,100,0.81,0.1,0.09,hard
user_0646,100,0.11,0.77,0.12,hard
user_0647,100,0.11,0.07,0.82,hard
user_0648,100,0.36,0.33,0.31,hard
user_0649,100,0.43,0.46,0.11,hard
user_0650,100,0.42,0.08,0.5,hard
user_0651,100,0.12,0.44,0.44,hard
user_0652,100,0.77,0.09,0.14,hard
user_0653,100,0.17,0.69,0.14,hard
user_0654,100,0.06,0.14,0.8,hard
user_0655,100,0.38,0.32,0.3,hard
user_0656,100,0.53,0.4,0.07,hard
user_0657,100,0.44,0.12,0.44,hard
user_0658,100,0.07,0.49,0.44,hard
user_0659,100,0.85,0.08,0.07,hard
user_0660,100,0.04,0.81,0.15,hard
user_0661,100,0.13,0.13,0.74,hard
user_0662,100,0.28,0.33,0.39,hard
user_0663,100,0.45,0.45,0.1,hard
user_0664,100,0.46,0.13,0.41,hard
user_0665,100,0.1,0.39,0.51,hard
user_0666,100,0.83,0.13,0.04,hard
user_0667,100,0.1,0.78,0.12,hard
user_0668,100,0.13,0.12,0.75,hard
user_0669,100,0.35,0.29,0.36,hard
user_0670,100,0.53,0.38,0.09,hard
user_0671,100,0.43,0.07,0.5,hard
user_0672,100,0.07,0.42,0.51,hard
user_0673,100,0.85,0.08,0.07,hard
user_0674,100,0.08,0.8,0.12,hard
user_0675,100,0.11,0.06,0.83,hard
user_0676,100,0.38,0.35,0.27,hard
user_0677,100,0.38,0.52,0.1,hard
user_0678,100,0.45,0.04,0.51,hard
user_0679,100,0.08,0.43,0.49,hard
user_0680,100,0.87,0.09,0.04,hard
user_0681,100,0.13,0.65,0.22,hard
user_0682,100,0.09,0.08,0.83,hard
user_0683,100,0.37,0.32,0.31,hard
user_0684,100,0.47,0.43,0.1,hard
user_0685,100,0.35,0.08,0.57,hard
user_0686,100,0.11,0.37,0.52,hard
user_0687,100,0.84,0.09,0.07,hard
user_0688,100,0.08,0.85,0.07,hard
user_0689,100,0.12,0.13,0.75,hard
user_0690,100,0.36,0.24,0.4,hard
user_0691,100,0.43,0.46,0.11,hard
user_0692,100,0.45,0.13,0.42,hard
user_0693,100,0.1,0.39,0.51,hard
user_0694,100,0.83,0.08,0.09,hard
user_0695,100,0.12,0.78,0.1,hard
user_0696,100,0.13,0.07,0.8,hard
user_0697,100,0.35,0.32,0.33,hard
user_0698,100,0.47,0.46,0.07,hard
user_0699,100,0.47,0.09,0.44,hard
user_0700,100,0.09,0.43,0.48,hard
user_0701,100,0.7,0.16,0.14,hard
user_0702,100,0.1,0.82,0.08,hard
user_0703,100,0.16,0.08,0.76,hard
user_0704,100,0.27,0.38,0.35,hard
user_0705,100,0.5,0.4,0.1,hard
user_0706,100,0.49,0.09,0.42,hard
user_0707,100,0.16,0.37,0.47,hard
user_0708,100,0.8,0.09,0.11,hard
user_0709,100,0.08,0.81,0.11,hard
user_0710,100,0.07,0.14,0.79,hard
user_0711,100,0.33,0.34,0.33,hard
user_0712,100,0.37,0.53,0.1,hard
user_0713,100,0.44,0.09,0.47,hard
user_0714,100,0.15,0.44,0.41,hard
user_0715,100,0.77,0.09,0.14,hard
user_0716,100,0.12,0.73,0.15,hard
user_0717,100,0.14,0.06,0.8,hard
user_0718,100,0.3,0.37,0.33,hard
user_0719,100,0.47,0.46,0.07,hard
user_0720,100,0.43,0.13,0.44,hard
user_0721,100,0.1,0.43,0.47,hard
user_0722,100,0.84,0.06,0.1,hard
user_0723,100,0.1,0.78,0.12,hard
user_0724,100,0.14,0.12,0.74,hard
user_0725,100,0.41,0.31,0.28,hard
user_0726,100,0.53,0.39,0.08,hard
user_0727,100,0.44,0.12,0.44,hard
user_0728,100,0.07,0.39,0.54,hard
user_0729,100,0.71,0.16,0.13,hard
user_0730,100,0.07,0.78,0.15,hard
user_0731,100,0.09,0.09,0.82,hard
user_0732,100,0.24,0.44,0.32,hard
user_0733,100,0.47,0.45,0.08,hard
user_0734,100,0.39,0.15,0.46,hard
user_0735,100,0.06,0.46,0.48,hard
user_0736,100,0.83,0.08,0.09,hard
user_0737,100,0.07,0.88,0.05,hard
user_0738,100,0.13,0.15,0.72,hard
user_0739,100,0.32,0.34,0.34,hard
user_0740,100,0.42,0.48,0.1,hard
user_0741,100,0.54,0.07,0.39,hard
user_0742,100,0.08,0.34,0.58,hard
user_0743,100,0.82,0.1,0.08,hard
user_0744,100,0.1,0.84,0.06,hard
user_0745,100,0.13,0.1,0.77,hard
user_0746,100,0.49,0.2,0.31,hard
user_0747,100,0.56,0.35,0.09,hard
user_0748,100,0.46,0.13,0.41,hard
user_0749,100,0.03,0.51,0.46,hard
user_0750,100,0.8,0.09,0.11,hard
user_0751,100,0.12,0.79,0.09,hard
user_0752,100,0.12,0.16,0.72,hard
user_0753,100,0.31,0.29,0.4,hard
user_0754,100,0.49,0.45,0.06,hard
user_0755,100,0.34,0.1,0.56,hard
user_0756,100,0.08,0.53,0.39,hard
user_0757,100,0.81,0.09,0.1,hard
user_0758,100,0.1,0.81,0.09,hard
user_0759,100,0.08,0.16,0.76,hard
user_0760,100,0.35,0.31,0.34,hard
user_0761,100,0.44,0.47,0.09,hard
user_0762,100,0.42,0.15,0.43,hard
user_0763,100,0.07,0.47,0.46,hard
user_0764,100,0.88,0.03,0.09,hard
user_0765,100,0.17,0.73,0.1,hard
user_0766,100,0.06,0.1,0.84,hard
user_0767,100,0.33,0.34,0.33,hard
user_0768,100,0.47,0.4,0.13,hard
user_0769,100,0.41,0.13,0.46,hard
user_0770,100,0.09,0.49,0.42,hard
user_0771,100,0.84,0.12,0.04,hard
user_0772,100,0.08,0.87,0.05,hard
user_0773,100,0.07,0.11,0.82,hard
user_0774,100,0.36,0.3,0.34,hard
user_0775,100,0.34,0.53,0.13,hard
user_0776,100,0.45,0.07,0.48,hard
user_0777,100,0.13,0.53,0.34,hard
user_0778,100,0.85,0.06,0.09,hard
user_0779,100,0.09,0.86,0.05,hard
user_0780,100,0.11,0.08,0.81,hard
user_0781,100,0.35,0.28,0.37,hard
user_0782,100,0.47,0.44,0.09,hard
user_0783,100,0.5,0.06,0.44,hard
user_0784,100,0.08,0.5,0.42,hard
user_0785,100,0.68,0.18,0.14,hard
user_0786,100,0.14,0.73,0.13,hard
user_0787,100,0.16,0.09,0.75,hard
user_0788,100,0.29,0.34,0.37,hard
user_0789,100,0.47,0.42,0.11,hard
user_0790,100,0.5,0.13,0.37,hard
user_0791,100,0.1,0.42,0.48,hard
user_0792,100,0.79,0.1,0.11,hard
user_0793,100,0.08,0.81,0.11,hard
user_0794,100,0.09,0.15,0.76,hard
user_0795,100,0.35,0.25,0.4,hard
user_0796,100,0.53,0.38,0.09,hard
user_0797,100,0.49,0.07,0.44,hard
user_0798,100,0.07,0.51,0.42,hard
user_0799,100,0.68,0.16,0.16,hard
user_0800,100,0.2,0.68,0.12,hard
user_0801,100,0.1,0.1,0.8,hard
user_0802,100,0.28,0.34,0.38,hard
user_0803,100,0.47,0.43,0.1,hard
user_0804,100,0.42,0.08,0.5,hard
user_0805,100,0.09,0.54,0.37,hard
user_0806,100,0.76,0.11,0.13,hard
user_0807,100,0.02,0.91,0.07,hard
user_0808,100,0.11,0.09,0.8,hard
user_0809,100,0.34,0.26,0.4,hard
user_0810,100,0.45,0.47,0.08,hard
user_0811,100,0.47,0.11,0.42,hard
user_0812,100,0.08,0.42,0.5,hard
user_0813,100,0.77,0.11,0.12,hard
user_0814,100,0.08,0.83,0.09,hard
user_0815,100,0.02,0.1,0.88,hard
user_0816,100,0.35,0.37,0.28,hard
user_0817,100,0.5,0.48,0.02,hard
user_0818,100,0.52,0.07,0.41,hard
user_0819,100,0.08,0.49,0.43,hard
user_0820,100,0.8,0.11,0.09,hard
user_0821,100,0.11,0.77,0.12,hard
user_0822,100,0.08,0.08,0.84,hard
user_0823,100,0.32,0.29,0.39,hard
user_0824,100,0.44,0.5,0.06,hard
user_0825,100,0.38,0.09,0.53,hard
user_0826,100,0.03,0.48,0.49,hard
user_0827,100,0.87,0.06,0.07,hard
user_0828,100,0.1,0.81,0.09,hard
user_0829,100,0.05,0.13,0.82,hard
user_0830,100,0.38,0.33,0.29,hard
user_0831,100,0.43,0.47,0.1,hard
user_0832,100,0.37,0.08,0.55,hard
user_0833,100,0.09,0.43,0.48,hard
user_0834,100,0.76,0.12,0.12,hard
user_0835,100,0.08,0.78,0.14,hard
user_0836,100,0.11,0.13,0.76,hard
user_0837,100,0.3,0.34,0.36,hard
user_0838,100,0.5,0.41,0.09,hard
user_0839,100,0.52,0.12,0.36,hard
user_0840,100,0.18,0.41,0.41,hard
user_0841,100,0.83,0.07,0.1,hard
user_0842,100,0.07,0.86,0.07,hard
user_0843,100,0.11,0.06,0.83,hard
user_0844,100,0.3,0.33,0.37,hard
user_0845,100,0.39,0.53,0.08,hard
user_0846,100,0.41,0.13,0.46,hard
user_0847,100,0.16,0.45,0.39,hard
user_0848,100,0.81,0.09,0.1,hard
user_0849,100,0.09,0.84,0.07,hard
user_0850,100,0.1,0.07,0.83,hard
user_0851,100,0.33,0.32,0.35,hard
user_0852,100,0.38,0.5,0.12,hard
user_0853,100,0.47,0.14,0.39,hard
user_0854,100,0.09,0.46,0.45,hard
user_0855,100,0.77,0.06,0.17,hard
user_0856,100,0.11,0.8,0.09,hard
user_0857,100,0.15,0.1,0.75,hard
user_0858,100,0.3,0.26,0.44,hard
user_0859,100,0.37,0.51,0.12,hard
user_0860,100,0.5,0.05,0.45,hard
user_0861,100,0.13,0.53,0.34,hard
user_0862,100,0.83,0.08,0.09,hard
user_0863,100,0.1,0.81,0.09,hard
user_0864,100,0.1,0.14,0.76,hard
user_0865,100,0.41,0.3,0.29,hard
user_0866,100,0.43,0.47,0.1,hard
user_0867,100,0.52,0.07,0.41,hard
user_0868,100,0.11,0.43,0.46,hard
user_0869,100,0.83,0.1,0.07,hard
user_0870,100,0.12,0.79,0.09,hard
user_0871,100,0.06,0.07,0.87,hard
user_0872,100,0.27,0.42,0.31,hard
user_0873,100,0.5,0.4,0.1,hard
user_0874,100,0.52,0.08,0.4,hard
user_0875,100,0.1,0.44,0.46,hard
user_0876,100,0.78,0.1,0.12,hard
user_0877,100,0.14,0.73,0.13,hard
user_0878,100,0.1,0.1,0.8,hard
user_0879,100,0.41,0.29,0.3,hard
user_0880,100,0.43,0.45,0.12,hard
user_0881,100,0.46,0.06,0.48,hard
user_0882,100,0.1,0.39,0.51,hard
user_0883,100,0.76,0.14,0.1,hard
user_0884,100,0.06,0.86,0.08,hard
user_0885,100,0.05,0.1,0.85,hard
user_0886,100,0.38,0.36,0.26,hard
user_0887,100,0.5,0.42,0.08,hard
user_0888,100,0.5,0.08,0.42,hard
user_0889,100,0.15,0.54,0.31,hard
user_0890,100,0.84,0.13,0.03,hard
user_0891,100,0.12,0.77,0.11,hard
user_0892,100,0.1,0.09,0.81,hard
user_0893,100,0.39,0.34,0.27,hard
user_0894,100,0.36,0.5,0.14,hard
user_0895,100,0.4,0.12,0.48,hard
user_0896,100,0.05,0.44,0.51,hard
user_0897,100,0.88,0.05,0.07,hard
user_0898,100,0.05,0.87,0.08,hard
user_0899,100,0.06,0.1,0.84,hard
user_0900,100,0.28,0.34,0.38,hard
user_0901,100,0.45,0.45,0.1,hard
user_0902,100,0.45,0.15,0.4,hard
user_0903,100,0.11,0.47,0.42,hard
user_0904,100,0.84,0.04,0.12,hard
user_0905,100,0.14,0.79,0.07,hard
user_0906,100,0.06,0.14,0.8,hard
user_0907,100,0.42,0.31,0.27,hard
user_0908,100,0.49,0.44,0.07,hard
user_0909,100,0.39,0.13,0.48,hard
user_0910,100,0.09,0.47,0.44,hard
user_0911,100,0.77,0.13,0.1,hard
user_0912,100,0.08,0.81,0.11,hard
user_0913,100,0.03,0.13,0.84,hard
user_0914,100,0.31,0.37,0.32,hard
user_0915,100,0.47,0.43,0.1,hard
user_0916,100,0.49,0.07,0.44,hard
user_0917,100,0.05,0.48,0.47,hard
user_0918,100,0.86,0.06,0.08,hard
user_0919,100,0.13,0.69,0.18,hard
user_0920,100,0.08,0.14,0.78,hard
user_0921,100,0.41,0.31,0.28,hard
user_0922,100,0.41,0.49,0.1,hard
user_0923,100,0.4,0.09,0.51,hard
user_0924,100,0.07,0.46,0.47,hard
user_0925,100,0.74,0.13,0.13,hard
user_0926,100,0.09,0.79,0.12,hard
user_0927,100,0.07,0.09,0.84,hard
user_0928,100,0.31,0.26,0.43,hard
user_0929,100,0.41,0.49,0.1,hard
user_0930,100,0.49,0.09,0.42,hard
user_0931,100,0.07,0.44,0.49,hard
user_0932,100,0.8,0.06,0.14,hard
user_0933,100,0.09,0.78,0.13,hard
user_0934,100,0.08,0.11,0.81,hard
user_0935,100,0.39,0.26,0.35,hard
user_0936,100,0.51,0.41,0.08,hard
user_0937,100,0.53,0.09,0.38,hard
user_0938,100,0.12,0.44,0.44,hard
user_0939,100,0.77,0.1,0.13,hard
user_0940,100,0.08,0.82,0.1,hard
user_0941,100,0.11,0.17,0.72,hard
user_0942,100,0.27,0.39,0.34,hard
user_0943,100,0.43,0.47,0.1,hard
user_0944,100,0.48,0.07,0.45,hard
user_0945,100,0.19,0.35,0.46,hard
user_0946,100,0.87,0.07,0.06,hard
user_0947,100,0.15,0.75,0.1,hard
user_0948,100,0.1,0.1,0.8,hard
user_0949,100,0.31,0.33,0.36,hard
user_0950,100,0.39,0.45,0.16,hard
user_0951,100,0.39,0.09,0.52,hard
user_0952,100,0.14,0.36,0.5,hard
user_0953,100,0.82,0.12,0.06,hard
user_0954,100,0.1,0.82,0.08,hard
user_0955,100,0.14,0.08,0.78,hard
user_0956,100,0.41,0.3,0.29,hard
user_0957,100,0.44,0.45,0.11,hard
user_0958,100,0.51,0.08,0.41,hard
user_0959,100,0.12,0.48,0.4,hard
user_0960,100,0.82,0.14,0.04,hard
user_0961,100,0.03,0.85,0.12,hard
user_0962,100,0.12,0.15,0.73,hard
user_0963,100,0.25,0.44,0.31,hard
user_0964,100,0.49,0.46,0.05,hard
user_0965,100,0.44,0.13,0.43,hard
user_0966,100,0.12,0.39,0.49,hard
user_0967,100,0.84,0.05,0.11,hard
user_0968,100,0.19,0.76,0.05,hard
user_0969,100,0.07,0.05,0.88,hard
user_0970,100,0.35,0.36,0.29,hard
user_0971,100,0.41,0.49,0.1,hard
user_0972,100,0.48,0.07,0.45,hard
user_0973,100,0.1,0.42,0.48,hard
user_0974,100,0.76,0.09,0.15,hard
user_0975,100,0.13,0.79,0.08,hard
user_0976,100,0.09,0.09,0.82,hard
user_0977,100,0.32,0.27,0.41,hard
user_0978,100,0.44,0.45,0.11,hard
user_0979,100,0.4,0.1,0.5,hard
user_0980,100,0.07,0.51,0.42,hard
user_0981,100,0.84,0.05,0.11,hard
user_0982,100,0.14,0.78,0.08,hard
user_0983,100,0.09,0.08,0.83,hard
user_0984,100,0.34,0.36,0.3,hard
user_0985,100,0.47,0.45,0.08,hard
user_0986,100,0.45,0.11,0.44,hard
user_0987,100,0.1,0.41,0.49,hard
user_0988,100,0.81,0.09,0.1,hard
user_0989,100,0.12,0.76,0.12,hard
user_0990,100,0.06,0.12,0.82,hard
user_0991,100,0.4,0.28,0.32,hard
user_0992,100,0.47,0.45,0.08,hard
user_0993,100,0.43,0.14,0.43,hard
user_0994,100,0.11,0.46,0.43,hard
user_0995,100,0.77,0.13,0.1,hard
user_0996,100,0.15,0.73,0.12,hard
user_0997,100,0.1,0.1,0.8,hard
user_0998,100,0.3,0.42,0.28,hard
user_0999,100,0.44,0.48,0.08,hard
user_1000,100,0.51,0.12,0.37,hard
